Latitude,Longitude,DBSCAN,HDBSCAN,HDBSCAN_KNN,kmeans
1.34841689796893,103.849077333761,0,18,18,22
1.37697398175331,103.739293156619,-1,2,2,16
1.32099294220652,103.870389998344,-1,-1,17,10
1.35730113647079,103.94590547598301,1,7,7,5
1.36271541988053,103.854644986527,3,11,11,0
1.3314336802642,103.936865404278,2,8,8,8
1.37040712097271,103.847230717119,3,11,11,0
1.3337942257363,103.73969084738701,4,6,6,26
1.35292162070653,103.953858337259,1,7,7,5
1.3194327455709498,103.86109100677601,5,-1,17,10
1.28895619990228,103.846796243026,6,25,25,13
1.35035198508252,103.868996990604,16,9,9,21
1.36389570157548,103.848986957428,3,11,11,0
1.29918373808485,103.847789785765,6,-1,23,27
1.30289720538929,103.840025090828,6,22,22,4
1.3014033218603998,103.83732812341499,6,22,22,4
1.3531499001903102,103.943744757637,1,7,7,5
1.30173721675889,103.906754510468,7,12,12,2
1.4416619845891598,103.78993000961,-1,0,0,17
1.4371305244487,103.795289911954,-1,0,0,17
1.29952903435203,103.84011256917,6,22,22,4
1.43106395485682,103.79045407875601,-1,0,0,17
1.3414989747970902,103.837774442377,-1,-1,19,22
1.30313758150049,103.823907153629,-1,-1,22,4
1.3134480090291,103.765483715647,8,4,4,12
1.3253616524781298,103.84147503906901,9,-1,16,22
1.32042967079121,103.843892122244,9,16,16,10
1.29115683869181,103.851044280765,6,-1,25,13
1.27742654288698,103.840001188095,6,25,25,13
1.32210979381603,103.844317495607,9,16,16,10
1.36243186402479,103.851030689651,3,11,11,0
1.30811886342473,103.78604938464599,-1,10,10,29
1.29813214766935,103.84413837480899,6,-1,22,4
1.36785888260943,103.856047007924,3,11,11,0
1.3731106300980702,103.885636629182,10,9,9,6
1.30540799634701,103.835473484406,6,22,22,4
1.3155535427795,103.76459643930401,8,4,4,12
1.32477207441096,103.929267654625,2,8,8,8
1.38493874036125,103.745022476677,29,2,2,16
1.32856421177175,103.930036524233,2,8,8,8
1.282933837115,103.628895042891,-1,-1,5,11
1.3522623142531698,103.953586491358,1,7,7,5
1.3200340349286,103.84482596074301,9,-1,16,10
1.303710847379,103.83526664484002,6,22,22,4
1.31817642675039,103.86140379515899,5,-1,17,10
1.32885089270319,103.86918468022101,20,-1,17,10
1.28198401796352,103.80305297171302,-1,-1,15,9
1.28569742883227,103.826785448095,11,20,20,9
1.36776095130956,103.85535714590799,3,11,11,0
1.3477169747722098,103.742831711054,4,6,6,1
1.3235406599915602,103.885851746701,12,14,14,18
1.32043932800487,103.934781862165,2,8,8,8
1.35057698710493,103.72324111588699,17,6,6,26
1.33550840671606,103.856434376839,13,19,19,22
1.28692006229633,103.81867359223499,14,21,21,9
1.35670606456444,103.933499178921,-1,7,7,5
1.33501332563653,103.851778402294,13,19,19,22
1.32328917067448,103.85573555784201,5,-1,17,10
1.32406395292223,103.940749090839,-1,8,8,8
1.3689328868380002,103.957951722747,-1,7,7,19
1.32770471680567,103.903826117652,28,-1,13,2
1.3329654973593998,103.847050346651,13,19,19,22
1.3530382488288502,103.743948447541,4,6,6,1
1.32499379353325,103.941082588009,-1,8,8,8
1.3073647351056898,103.819420889381,-1,-1,22,4
1.3394520043632,103.70668501265499,-1,-1,5,7
1.28412271103558,103.852544637414,6,25,25,13
1.32114833412885,103.742791775665,-1,-1,6,26
1.43794381732232,103.782059433742,-1,0,0,17
1.332373476165,103.722451248339,-1,-1,6,26
1.31720416784835,103.65220866069299,-1,-1,5,23
1.33860405469846,103.706064622772,-1,-1,5,7
1.32587565122356,103.932493035074,2,8,8,8
1.32460664929084,103.67809635977501,-1,-1,5,23
1.28915792866073,103.62639747040701,-1,-1,5,11
1.38977026274295,103.892787161183,26,9,9,14
1.3215687435665702,103.660993360337,-1,-1,5,23
1.32313886050372,103.81067616148701,-1,1,1,29
1.34841976685512,103.93464910315399,1,7,7,5
1.4380878805663602,103.803764959272,-1,0,0,3
1.43986217628881,103.80072677288601,-1,0,0,17
1.3205715655096202,103.843219261065,9,-1,16,10
1.3306880249098705,103.90195304070299,28,-1,13,18
1.3620380473313098,103.885742430777,15,9,9,6
1.37789653537864,103.773153808687,31,2,2,25
1.34833335733135,103.724307317877,17,6,6,26
1.3664536401035,103.96459849952299,-1,-1,7,19
1.3925041099483502,103.904483668323,-1,-1,9,24
1.35406215055211,103.87121373595801,16,9,9,21
1.36163049178178,103.953000933898,1,7,7,5
1.3011637260155,103.79298814720501,-1,10,10,29
1.31511733727464,103.90896591393299,-1,-1,13,2
1.3126447660291698,103.854018095117,6,-1,23,27
1.30765477460778,103.82022755645599,-1,-1,22,4
1.34793619788806,103.715691141274,17,6,6,7
1.39807105476617,103.877933381661,-1,-1,9,14
1.4262109656501398,103.827704108295,24,0,0,15
1.3424126418864295,103.776539385678,18,3,3,20
1.30653721777246,103.83212640041701,6,22,22,4
1.30156308609771,103.83891499840901,6,22,22,4
1.28385698427209,103.85212817335501,6,25,25,13
1.29098168416986,103.85764759167499,-1,-1,25,27
1.30370452023704,103.83320097018299,6,22,22,4
1.28022346789656,103.849001802657,6,25,25,13
1.3010606801941,103.905339493587,7,12,12,2
1.28603255389977,103.84926466025298,6,25,25,13
1.38529556252964,103.76617053205099,-1,2,2,25
1.35367103018388,103.870756821688,16,9,9,21
1.40393859107234,103.81884995793502,-1,-1,0,15
1.36039250544301,103.929694654448,-1,-1,7,5
1.3580323262406298,103.848211390712,-1,-1,11,0
1.30453635973283,103.83071423110901,6,22,22,4
1.3174280076763605,103.843670754851,9,-1,16,10
1.28473716579469,103.802575477864,30,-1,15,9
1.3313111131238202,103.925307784513,2,8,8,8
1.27948670070186,103.785756186651,-1,-1,15,9
1.306078557128,103.831014834847,6,22,22,4
1.30078900889497,103.79762615084199,-1,10,10,29
1.31867038706866,103.945105611031,-1,-1,8,8
1.29270252655149,103.81097183537399,-1,-1,15,9
1.30083413030924,103.84507274316401,6,22,22,27
1.31920342964443,103.886335477819,12,14,14,18
1.35524290262938,103.93162362898701,-1,7,7,5
1.3326965193371398,103.90774299752,-1,-1,13,2
1.35043776611305,103.71811375909999,17,6,6,7
1.40263460056255,103.913270565628,-1,9,9,24
1.29996199408101,103.798227586695,-1,-1,10,29
1.30730468891062,103.83381843863899,6,22,22,4
1.27562588382829,103.847146261772,6,25,25,13
1.30258422337193,103.85811752019,6,23,23,27
1.30847204164942,103.81913563241699,-1,-1,22,4
1.3497165673255802,103.93372188081,1,7,7,5
1.35925940866068,103.75069463109,21,6,6,1
1.37278358482638,103.84644830631001,3,11,11,0
1.36926221738409,103.84716461852301,3,11,11,0
1.37228993636816,103.84722906564,3,11,11,0
1.28060286846942,103.847050419424,6,25,25,13
1.33864901784914,103.84570384495501,13,19,19,22
1.3589190712993402,103.844748631736,-1,-1,11,0
1.30448579105197,103.833941935117,6,22,22,4
1.38401946148579,103.84035593268601,-1,-1,11,0
1.3738085153956,103.85459416060101,3,11,11,0
1.37530562109726,103.839395071769,-1,11,11,0
1.37193646369428,103.84597377685499,3,11,11,0
1.43108468445434,103.773748285787,19,0,0,17
1.38010465081466,103.840408680468,-1,-1,11,0
1.35436493607478,103.96004218909701,-1,7,7,19
1.3392862595739,103.738985189412,4,6,6,26
1.345281447856,103.945344290094,1,7,7,5
1.31592233116033,103.883337947941,12,14,14,18
1.31277604580512,103.882455638462,12,14,14,18
1.36830683201862,103.89598762467199,10,9,9,6
1.38018163022688,103.76041930548,-1,2,2,25
1.35952087347428,103.888340028762,15,9,9,6
1.41562517345069,103.83544650358101,24,0,0,15
1.42992991993556,103.774636554651,19,0,0,17
1.3799994310188202,103.841407224475,-1,-1,11,0
1.34138531163604,103.691459639611,-1,5,5,7
1.3075812402688798,103.851478219734,6,23,23,27
1.27625903973355,103.842923496499,6,25,25,13
1.32840382815915,103.93068487034701,2,8,8,8
1.38914595410841,103.84476147021999,-1,-1,11,0
1.29843333801851,103.788556167194,-1,-1,10,29
1.35866916706909,103.751213742148,21,6,6,1
1.3204417118742902,103.778972458647,-1,-1,4,12
1.33356161120697,103.784158787663,-1,-1,3,20
1.3061957991271398,103.828509016327,6,22,22,4
1.33997597903357,103.74215995576799,4,6,6,26
1.34207774800822,103.774574028141,18,3,3,20
1.35230795069617,103.834924126541,23,-1,18,22
1.35309727557293,103.876441262869,16,9,9,21
1.34485611194655,103.735622181477,4,6,6,26
1.33312991885914,103.92615313978399,2,8,8,8
1.34607675043696,103.944284625086,1,7,7,5
1.37762112372223,103.755740001262,27,2,2,25
1.36189785863173,103.95263944718201,1,7,7,5
1.33864876713618,103.844627302235,13,19,19,22
1.30573060708015,103.831531920982,6,22,22,4
1.33889442783828,103.84953831806801,13,19,19,22
1.3028881939588102,103.89672908877701,7,-1,12,2
1.34857905320068,103.848348015837,0,18,18,22
1.3739584050046998,103.886898456705,10,9,9,6
1.34318835786154,103.73678575382,4,6,6,26
1.33272795858042,103.849994231509,13,19,19,22
1.3065053585135702,103.90532896005199,7,12,12,2
1.28351521684053,103.846878905539,6,25,25,13
1.30408565832878,103.85001418116998,6,-1,23,27
1.30242417189412,103.83467612472299,6,22,22,4
1.29446098581956,103.8276209036,11,-1,20,4
1.3207654334205,103.748258626828,-1,-1,4,12
1.4357608040047,103.83672387450001,24,0,0,15
1.2957115246888602,103.858552585838,6,-1,23,27
1.37300713447528,103.878742242044,10,9,9,6
1.29222075807723,103.850612609298,6,-1,24,13
1.32037511125745,103.91264708052799,-1,-1,13,2
1.33061344829843,103.794953065546,-1,-1,1,20
1.3312707980105,103.79467156692301,-1,-1,1,20
1.33205094618819,103.914145075793,-1,-1,8,8
1.34306217556914,103.738233469424,4,6,6,26
1.3309393367553,103.858181909317,-1,-1,19,10
1.30864200213787,103.91159103528099,7,-1,12,2
1.31326223835886,103.76497417900299,8,4,4,12
1.33311013128172,103.847431763341,13,19,19,22
1.30681500712525,103.78846273226601,22,10,10,29
1.27679934512004,103.845460373051,6,25,25,13
1.35432321225806,103.945141172369,1,7,7,5
1.28829579725143,103.826144732416,11,20,20,9
1.34893084103853,103.93458811101401,1,7,7,5
1.4413105943207902,103.792065607441,-1,0,0,17
1.35990705103642,103.76758508966499,-1,-1,6,1
1.32250551637709,103.853439515866,5,17,17,10
1.3329592355634998,103.914941831232,-1,-1,8,8
1.3164349569099498,103.83549290613001,-1,-1,22,4
1.33180078265392,103.867242849282,20,-1,17,10
1.44571784134907,103.798166316676,-1,0,0,17
1.32014883000631,103.935563486677,2,8,8,8
1.3331333533723102,103.939110909704,2,8,8,8
1.33270940925778,103.937061569944,2,8,8,8
1.3291986866784098,103.937343347878,2,8,8,8
1.33371332018834,103.927020293564,2,8,8,8
1.28905634657058,103.827502108439,11,20,20,9
1.2896510001415,103.81539953071699,14,-1,21,9
1.37991650665224,103.76431706853501,-1,2,2,25
1.32325013349522,103.933835585816,2,8,8,8
1.30665484543192,103.829588045188,6,22,22,4
1.34452706951365,103.855213610381,13,-1,19,22
1.30637274642467,103.82703651448799,6,22,22,4
1.27458821795427,103.84347073660999,6,25,25,13
1.2910820034590902,103.784565038662,-1,-1,10,29
1.34637376380506,103.712472819666,17,6,6,7
1.3756672834841202,103.87945025110201,10,9,9,6
1.39950942350342,103.906371604675,-1,9,9,24
1.39139684608919,103.876237007474,-1,-1,9,14
1.28050992265541,103.83835222553199,6,25,25,13
1.2986887231953002,103.84612283896999,6,-1,22,27
1.33456298088397,103.74294861551901,4,6,6,26
1.43505698925938,103.787004308703,-1,0,0,17
1.33141324882713,103.908688936549,-1,-1,13,2
1.31423937033552,103.87091403145901,-1,-1,17,10
1.3440494185738605,103.73125555964,4,6,6,26
1.30019272342807,103.837362540861,6,22,22,4
1.32760823544191,103.749219230053,-1,-1,6,26
1.34979800298727,103.707634672999,-1,-1,5,7
1.2747220474803602,103.84399159840599,6,25,25,13
1.28645354030176,103.808242400418,30,15,15,9
1.3836941719999498,103.893049981318,-1,9,9,14
1.43331773765905,103.77549155593,19,0,0,17
1.3852342842014098,103.74270487573,-1,2,2,16
1.34624866176031,103.749382188265,4,6,6,1
1.35201517590478,103.74782226546101,4,6,6,1
1.36103222148884,103.748091419935,21,-1,6,1
1.28295698806352,103.81693479055299,14,-1,21,9
1.37867070821172,103.76853844095699,31,2,2,25
1.32457535903391,103.809058565414,-1,-1,1,29
1.33302931681369,103.790453531136,-1,-1,1,20
1.34055530575437,103.773237378591,18,3,3,20
1.31025541884854,103.795350439947,22,10,10,29
1.31205731294526,103.922170796117,-1,-1,8,2
1.3114324080938602,103.794579749973,22,10,10,29
1.35339762531929,103.83464546095199,23,-1,18,0
1.29225958503296,103.842561023913,-1,-1,25,13
1.31316934203829,103.929305198346,-1,-1,8,8
1.4309993159044798,103.794101574732,-1,0,0,17
1.33335596212432,103.84886568744699,13,19,19,22
1.34634407451481,103.741742087315,4,6,6,1
1.33833133395208,103.84573711713199,13,19,19,22
1.37031157066562,103.957565573283,-1,7,7,19
1.28549527021291,103.843851997218,6,25,25,13
1.33622384180735,103.78685405915701,-1,-1,3,20
1.32170329030892,103.886195689242,12,-1,14,18
1.4020591775404998,103.891879097522,-1,9,9,24
1.3523186229214998,103.948457987374,1,7,7,5
1.33897403834603,103.849002148998,13,19,19,22
1.31312677921155,103.926329604095,-1,-1,8,8
1.44567452901893,103.83150813240101,-1,0,0,3
1.44535856249218,103.822587675705,-1,0,0,3
1.3139916147653798,103.76708900397699,8,4,4,12
1.30568031708634,103.85085772497101,6,23,23,27
1.3733212255278102,103.88636553205,10,9,9,6
1.32574409089542,103.850382551117,5,-1,17,10
1.35554848236624,103.94561607102301,1,7,7,5
1.30893802574679,103.85172002409901,6,23,23,27
1.3412195572246102,103.84549278032,13,-1,19,22
1.4022827275187,103.913637732874,-1,9,9,24
1.39785974876813,103.881232764244,-1,-1,9,14
1.35038413736599,103.719025555996,17,6,6,7
1.32955256858877,103.90122860971,28,-1,13,18
1.3097910211685502,103.768657661297,8,4,4,12
1.37104583077814,103.848186835874,3,11,11,0
1.30861790322772,103.79293590005301,22,10,10,29
1.3833995162957902,103.771086145173,31,2,2,25
1.30964078422609,103.88447177992599,12,-1,14,18
1.3844960805464,103.743145847184,29,2,2,16
1.34148123537154,103.690721731576,-1,5,5,7
1.32496457628749,103.932948087606,2,8,8,8
1.4299418559448,103.827984686017,24,0,0,15
1.3500850308076298,103.72475726759701,17,6,6,26
1.2784826110588,103.839416185126,6,25,25,13
1.2866219040748998,103.80896334666299,30,-1,15,9
1.4251800592171202,103.83659631871299,24,0,0,15
1.30262116338454,103.907097912591,7,12,12,2
1.3186826226676498,103.86270289391899,5,-1,17,10
1.37538513507625,103.93935610688601,-1,-1,7,5
1.3232895991921398,103.924149636605,2,8,8,8
1.34747947805083,103.74427646089501,4,6,6,1
1.35539119422925,103.877254535231,16,9,9,21
1.30381323460709,103.90095207723301,7,12,12,2
1.3070606743179098,103.923769732724,-1,-1,12,2
1.3386567762293,103.778560467143,18,3,3,20
1.27692434441095,103.83868047047702,6,25,25,13
1.31720886017639,103.901431784747,25,13,13,2
1.42171348124466,103.83554529409001,24,0,0,15
1.3496215142655,103.946000691097,1,7,7,5
1.3051231949986395,103.86274639248,6,23,23,27
1.27605255440953,103.84611536452499,6,25,25,13
1.30836526428228,103.86091278109801,6,23,23,27
1.36162956418499,103.95325111572201,1,7,7,5
1.3938341644889,103.890256350385,26,9,9,14
1.3699509924783702,103.872312299228,-1,9,9,21
1.36747901420818,103.855967139125,3,11,11,0
1.28642144223074,103.844635546875,6,25,25,13
1.28497693734723,103.846432501374,6,25,25,13
1.31559567579803,103.850825476141,6,-1,23,10
1.34054870997219,103.773329447699,18,3,3,20
1.3460844239821002,103.938034023132,1,7,7,5
1.31377438724798,103.76253518972099,8,4,4,12
1.3127227835846,103.859959031318,6,-1,23,10
1.36196268655026,103.884972234399,15,9,9,6
1.27960220723117,103.838346247786,6,25,25,13
1.3291589969451,103.886010316123,12,-1,14,18
1.3074768436116,103.760157277816,-1,4,4,12
1.2841487642183895,103.845704090868,6,25,25,13
1.32258735187372,103.861107276991,5,17,17,10
1.33358025794593,103.84926452128,13,19,19,22
1.32589621040038,103.84293548000299,9,-1,16,22
1.38234139419021,103.750776869899,27,2,2,16
1.33716507441519,103.919893055357,-1,-1,8,8
1.35310498683573,103.83504389958901,23,-1,18,0
1.36189869546211,103.953613062449,1,7,7,5
1.3075861394443,103.884413042642,-1,-1,14,18
1.29448225459419,103.850054625521,6,-1,24,27
1.36196757272942,103.85240671770501,3,11,11,0
1.3708407639457398,103.884236382077,10,9,9,6
1.42460205303198,103.833222391677,24,0,0,15
1.2801894226101205,103.828178445611,11,-1,20,9
1.34359376269611,103.95354114282499,1,7,7,5
1.34900647921179,103.75170668337401,4,6,6,1
1.37234358233886,103.855455428073,3,11,11,0
1.32052595935171,103.88615930693399,12,-1,14,18
1.2777315319056202,103.819769431353,-1,-1,21,9
1.34054847886551,103.773649129593,18,3,3,20
1.32902607919002,103.88693079733999,12,-1,14,18
1.3399332721752,103.73851447773899,4,6,6,26
1.43061830395073,103.828762985019,24,0,0,15
1.32861719819895,103.93778714938699,2,8,8,8
1.29875874537227,103.859429839576,6,-1,23,27
1.27300435416893,103.84238809605499,6,25,25,13
1.35529943230217,103.98914195251801,-1,-1,7,19
1.36489525344064,103.690687524445,-1,-1,5,7
1.3684464401094,103.844516260527,3,11,11,0
1.35502885653151,103.831053292454,23,-1,11,0
1.30459707446007,103.83464865670601,6,22,22,4
1.27688307363769,103.84008562790301,6,25,25,13
1.3120249182444,103.764960537008,8,4,4,12
1.32105185036524,103.766910446634,8,4,4,12
1.3124829847626398,103.76547675686301,8,4,4,12
1.34874520101098,103.986857194086,-1,-1,7,19
1.2777707608996498,103.84844955535999,6,25,25,13
1.37804306250453,103.937574532722,-1,-1,7,5
1.28076943476849,103.852658562152,6,25,25,13
1.42394747563365,103.83742923921301,24,0,0,15
1.31218816492754,103.94011699051399,-1,-1,8,8
1.3800477264564,103.75246458364799,27,2,2,16
1.39708432396579,103.746598000147,-1,-1,2,16
1.3225731693491498,103.814245542255,-1,-1,1,29
1.3254420035704,103.926207634232,2,8,8,8
1.30633253742861,103.904839882166,7,12,12,2
1.31690134376102,103.76531071522801,8,4,4,12
1.2866292132996298,103.80686187975999,30,-1,15,9
1.35732426852703,103.873634696558,16,9,9,21
1.34725100297382,103.710014454331,-1,-1,5,7
1.3194936558195702,103.88716604162201,12,14,14,18
1.36990683865396,103.88900146962798,10,9,9,6
1.4247023995298,103.83394978681801,24,0,0,15
1.29847547391979,103.800957796297,-1,-1,10,29
1.39483596039702,103.900697317347,-1,9,9,24
1.36271446291048,103.893980503167,-1,9,9,6
1.30849288050579,103.784598100953,-1,10,10,29
1.33413899991749,103.87125971505199,20,-1,17,10
1.32367550486167,103.81023438817301,-1,-1,1,29
1.31303191359036,103.895830329151,25,13,13,2
1.37677749544411,103.74454894808201,29,2,2,16
1.28660403512031,103.848723883773,6,25,25,13
1.43147861432351,103.82745200421199,-1,0,0,15
1.2936149401631498,103.803742526958,-1,-1,15,9
1.30331647226255,103.90472762829901,7,12,12,2
1.28394916770954,103.85086268252,6,25,25,13
1.32129030482793,103.902727807563,25,13,13,2
1.44451092377359,103.798832170996,-1,0,0,17
1.36088277495424,103.937510784188,-1,7,7,5
1.35816293570102,103.884400266646,15,9,9,6
1.34719233002392,103.938014041267,1,7,7,5
1.3532308455835802,103.87204354837,16,9,9,21
1.35351077725976,103.94211744564,1,7,7,5
1.42875460572997,103.836324536111,24,0,0,15
1.33415752008877,103.742766489597,4,6,6,26
1.35954177325562,103.885167372726,15,9,9,6
1.3614776590113702,103.88720750010201,15,9,9,6
1.32021100706839,103.84365676186701,9,16,16,10
1.39332786581518,103.88661762511299,26,9,9,14
1.33130351440716,103.868076452861,20,-1,17,10
1.44185307934022,103.82497037848199,-1,0,0,3
1.32687382444584,103.723421163741,-1,-1,6,26
1.35144317409159,103.87951331223101,16,9,9,21
1.3119105970549,103.87675659871,-1,-1,14,18
1.33018185712277,103.744524241244,4,-1,6,26
1.29531966312623,103.809758591447,-1,-1,15,9
1.3523611314355002,103.94378481243099,1,7,7,5
1.34269199750601,103.953050756306,-1,7,7,5
1.33411313029446,103.962792843921,-1,-1,7,19
1.37234984781558,103.847899479721,3,11,11,0
1.32708485462605,103.846476460209,9,-1,16,22
1.34134181836572,103.692491245922,-1,5,5,7
1.30974242032356,103.864101647509,6,-1,23,27
1.28361982304995,103.852058865041,6,25,25,13
1.30530737066546,103.90053168483101,7,12,12,2
1.29665678939296,103.850105814673,6,24,24,27
1.27484459976548,103.828069566486,-1,-1,20,9
1.34857143331007,103.95167302785299,1,7,7,5
1.37774328310057,103.741860548432,-1,2,2,16
1.37176798317468,103.88280991785,10,9,9,6
1.33837569571571,103.718096899655,-1,-1,6,26
1.33138913071752,103.865128939008,20,-1,17,10
1.3486845115193702,103.732974782772,4,6,6,26
1.33740763550643,103.847761130585,13,19,19,22
1.436582707202,103.791791282236,-1,0,0,17
1.33650394598031,103.7361037501,4,6,6,26
1.42130404159808,103.84079292334499,24,0,0,15
1.42764685183223,103.830480360286,24,0,0,15
1.35799653782465,103.890216355459,15,9,9,6
1.31577098514642,103.94714753880899,-1,-1,8,8
1.42699774591714,103.844209671535,-1,0,0,15
1.36734742078767,103.851936118929,3,11,11,0
1.43495229179004,103.797435739672,-1,0,0,17
1.42794340255251,103.848368288236,-1,0,0,15
1.3187185988270902,103.835345168025,-1,-1,16,4
1.36909206497026,103.83904135553699,3,11,11,0
1.29418347842837,103.83601894157101,-1,-1,22,4
1.34136950913452,103.87781693075,-1,-1,9,21
1.3858737543113,103.767814630258,-1,2,2,25
1.3755283083726,103.934889085317,-1,-1,7,5
1.4384623116861002,103.839070707702,24,0,0,15
1.3338266806576102,103.935513154683,2,8,8,8
1.36673784144263,103.89368414832701,10,9,9,6
1.44589068910994,103.80239819659599,-1,0,0,3
1.39206468503475,103.890924976943,26,9,9,14
1.35415506887675,103.754210374853,-1,6,6,1
1.33895145085327,103.687833087248,-1,-1,5,7
1.33924375323729,103.698895783329,-1,5,5,7
1.30835682381162,103.927611509809,-1,-1,8,8
1.43442311668611,103.773697721298,19,0,0,17
1.37980236109137,103.76917079696,31,2,2,25
1.31814416827377,103.88362850160101,12,14,14,18
1.28421153855476,103.82595188463699,11,20,20,9
1.38997940750518,103.874100976917,-1,-1,9,14
1.33032495471395,103.931885376418,2,8,8,8
1.3573489815124,103.94887192549999,1,7,7,5
1.4336812067491498,103.832924289687,24,0,0,15
1.34291981622017,103.74086114887899,4,6,6,26
1.44011049774914,103.804629295565,-1,0,0,3
1.32220847517489,103.86535132982999,5,17,17,10
1.39485356081866,103.90857257736,-1,-1,9,24
1.3339038086212,103.93203405271,2,8,8,8
1.33805507194688,103.776108257008,18,3,3,20
1.32107094241156,103.80768185279899,-1,-1,1,29
1.36565018546904,103.851009800453,3,11,11,0
1.31580856292001,103.76305484091,8,4,4,12
1.30100441916735,103.78545560682699,-1,10,10,29
1.30552506704307,103.91746302212098,-1,-1,12,2
1.33014735400655,103.72409968506001,-1,-1,6,26
1.34268486977365,103.687723993784,-1,-1,5,7
1.43273620725051,103.79023031392,-1,0,0,17
1.36555714422196,103.96091886959101,-1,7,7,19
1.34471211768917,103.69896421298799,-1,5,5,7
1.3698904842453403,103.86914972225,-1,9,9,21
1.37317401669512,103.89765938461599,10,9,9,6
1.3837854654623,103.76027343225799,-1,2,2,25
1.3452450526196995,103.756264470434,4,6,6,1
1.4518908328219,103.822341940714,-1,0,0,3
1.31325147946862,103.75674321816,-1,4,4,12
1.29559366049206,103.80754862413099,-1,-1,15,9
1.37820062547641,103.89466715951201,-1,9,9,14
1.3719644572011205,103.851763531681,3,11,11,0
1.27613030444272,103.808639211285,-1,-1,15,9
1.37347218344221,103.769317484454,-1,2,2,25
1.34594524614786,103.75358884473499,4,6,6,1
1.4510640067558995,103.815970864699,-1,0,0,3
1.43350145509513,103.838289310553,24,0,0,15
1.33566084356265,103.87562006259,-1,-1,9,18
1.34897202423066,103.868362521917,-1,9,9,21
1.30977347800846,103.75821541431499,-1,4,4,12
1.33062454661531,103.941062122327,2,8,8,8
1.35129177520072,103.950461935791,1,7,7,5
1.3778227094013795,103.885568714764,10,9,9,14
1.317706781809,103.945590673243,-1,-1,8,8
1.40285481685647,103.74682262875,-1,-1,2,16
1.3476531041883897,103.721523716371,17,6,6,26
1.38925044778225,103.899527879229,-1,9,9,14
1.39341402481338,103.90455952055001,-1,-1,9,24
1.27496162117949,103.82417997068899,-1,-1,20,9
1.4420359655759498,103.788339762066,-1,0,0,17
1.36048786025608,103.948768900518,1,7,7,5
1.33104586344637,103.9109340214,-1,-1,8,2
1.37245132722089,103.962922699031,-1,-1,7,19
1.38388660469398,103.75392455858601,27,2,2,16
1.30385959862561,103.856955133139,6,23,23,27
1.3506113056855602,103.951317297552,1,7,7,5
1.31881620631886,103.917526142651,-1,-1,8,2
1.3945298314832602,103.89786476711599,26,9,9,24
1.38026516111466,103.73655429563601,-1,2,2,16
1.34919098857588,103.740719208011,4,6,6,1
1.37803986098971,103.881166249315,10,9,9,14
1.3493076679555902,103.862309899986,-1,-1,9,21
1.4326998657579195,103.785778769275,-1,0,0,17
1.43063976776387,103.778175192579,19,0,0,17
1.33774986225882,103.76685534477899,-1,3,3,20
1.37278901646362,103.957291273316,-1,-1,7,19
1.32399627634457,103.937745022761,2,8,8,8
1.35220597126242,103.69953547145,-1,-1,5,7
1.34052616485417,103.855667534587,13,-1,19,22
1.39391003097103,103.747415441682,-1,2,2,16
1.32103268749985,103.82807785920099,-1,-1,22,4
1.3750569631581795,103.945289416873,-1,-1,7,5
1.3498418643476298,103.88497836167299,15,9,9,6
1.33728893309898,103.855473497018,13,19,19,22
1.34284013791619,103.71285838193701,-1,6,6,7
1.36020329677669,103.869762443251,-1,9,9,21
1.41628015341877,103.838797686677,24,0,0,15
1.3547888765266898,103.8449341135,-1,-1,11,0
1.2859553934148,103.815228207863,14,-1,21,9
1.3125041616206998,103.850902684573,6,-1,23,27
1.40029783011552,103.90743052365299,-1,9,9,24
1.3576512187768,103.935246486174,-1,7,7,5
1.41741627551252,103.83014320987499,-1,0,0,15
1.35795142682271,103.86425016247,-1,-1,9,21
1.36675801448843,103.767694820161,-1,-1,2,25
1.34020800809179,103.95218340147699,-1,7,7,5
1.43349639934217,103.834027410567,24,0,0,15
1.39640265559057,103.912565965047,-1,9,9,24
1.3842366769228205,103.773754356751,-1,2,2,25
1.3166652930896998,103.767438999533,8,4,4,12
1.3487209274656902,103.694867873154,-1,5,5,7
1.2998113888405802,103.799964819895,-1,-1,10,29
1.32168928544377,103.857651758668,5,17,17,10
1.30932129669281,103.84064350573799,-1,-1,22,4
1.30652686240002,103.91092158001499,7,12,12,2
1.32858023873557,103.90130690415701,28,-1,13,18
1.34787051339925,103.939220641557,1,7,7,5
1.35048639466943,103.943573098509,1,7,7,5
1.4000088152918702,103.91307152672199,-1,9,9,24
1.27550544136486,103.839922725842,6,25,25,13
1.33664312205759,103.699682811847,-1,-1,5,7
1.34604265945533,103.84928476911,0,18,18,22
1.35905899221008,103.748161477711,21,6,6,1
1.31111421924858,103.888209412231,12,-1,14,18
1.3925400930811298,103.87498486955099,-1,-1,9,14
1.3838407641029502,103.891215105298,-1,9,9,14
1.34720542681454,103.70054232441099,-1,5,5,7
1.31672581051653,103.78420830194,-1,-1,10,29
1.44504364286971,103.82102151409,-1,0,0,3
1.39475407670438,103.889611597387,26,9,9,14
1.40514582593193,103.905156378991,-1,9,9,24
1.40180486737614,103.898772867085,-1,9,9,24
1.44704733459905,103.80183196955299,-1,0,0,3
1.31772862027099,103.84561193741101,9,16,16,10
1.37291579398893,103.874693248439,-1,9,9,21
1.38943414314587,103.76619340101699,-1,2,2,25
1.4566668656294297,103.813610016949,-1,0,0,3
1.3328181527966798,103.84191837650101,13,-1,19,22
1.3493843558838998,103.85517075017599,-1,-1,18,22
1.326511059931,103.88175693878,12,-1,14,18
1.3496797896984,103.937016363397,1,7,7,5
1.36463912533321,103.749294036695,21,-1,2,1
1.33480685527669,103.94120887395901,2,-1,8,8
1.38419941907926,103.841411716006,-1,-1,11,0
1.33004178068277,103.806397828938,-1,-1,1,29
1.36073636488521,103.833075654586,-1,-1,11,0
1.38143123987699,103.747153671,29,2,2,16
1.4044092695623702,103.910996435277,-1,9,9,24
1.30463152903464,103.91120423214599,7,12,12,2
1.39882800544447,103.91862158482,-1,-1,9,24
1.41159891518089,103.898804629129,-1,-1,9,24
1.3117720586877,103.90265549425399,25,-1,13,2
1.34043840661369,103.839811736775,-1,-1,19,22
1.30688068176527,103.764901070462,-1,4,4,12
1.33535131498903,103.921268322538,-1,8,8,8
1.31983663784772,103.76140395752701,8,4,4,12
1.32439150290683,103.88162483737301,12,-1,14,18
1.28197147692054,103.848126254959,6,25,25,13
1.28235484318145,103.850938893316,6,25,25,13
1.30521597897947,103.824637414416,6,-1,22,4
1.27972491503413,103.854548750407,6,-1,25,13
1.36506492207367,103.84911581919201,3,11,11,0
1.319303367127,103.86404981515,5,-1,17,10
1.3163456563028502,103.899468606408,25,13,13,2
1.28526073702918,103.844942912343,6,25,25,13
1.32020110528462,103.90319350982901,25,13,13,2
1.37931783499148,103.88784708944,-1,9,9,14
1.34167331883255,103.69724454280501,-1,5,5,7
1.43403211971292,103.83882419471,24,0,0,15
1.26434458658545,103.822476140505,-1,-1,21,9
1.28385464447517,103.85867492865299,-1,-1,25,13
1.3263590952062,103.929995919076,2,8,8,8
1.31641190098176,103.805373811937,-1,-1,1,29
1.4495448562113002,103.81872759237,-1,0,0,3
1.2736329598774,103.808335234515,-1,-1,15,9
1.33472713626237,103.84982298433701,13,19,19,22
1.30419142102401,103.831510144742,6,22,22,4
1.28332144853393,103.851842545266,6,25,25,13
1.30126533034761,103.84115177072701,6,22,22,4
1.297927790507,103.838762410213,6,22,22,4
1.4303614583556798,103.774102414119,19,0,0,17
1.28436800095843,103.847363778038,6,25,25,13
1.3329785024499698,103.848832062985,13,19,19,22
1.32718724274473,103.72053639066999,-1,-1,6,26
1.27815692446259,103.847758637173,6,25,25,13
1.30446092675742,103.781779696748,-1,-1,10,29
1.2995985718601,103.78764088265301,-1,10,10,29
1.3118800715586498,103.92182685600599,-1,-1,8,2
1.31782868139699,103.84288937427601,9,-1,16,10
1.3019986825228798,103.84073976691,6,22,22,4
1.35319482964497,103.835564593057,23,-1,18,0
1.3571782390378002,103.84815294917802,-1,11,11,0
1.30510759038419,103.83072791506201,6,22,22,4
1.2839427488859,103.850711784963,6,25,25,13
1.29113483646903,103.826764453591,11,20,20,4
1.29376028134075,103.852768324281,6,-1,24,27
1.30072350356706,103.839692368177,6,22,22,4
1.34178121001948,103.737251510685,4,6,6,26
1.4019562159270802,103.89281129292499,-1,9,9,24
1.33390034057388,103.848854818382,13,19,19,22
1.28412862663792,103.84258481023899,6,25,25,13
1.3064374178816598,103.904762723157,7,12,12,2
1.44834155029684,103.801057143544,-1,0,0,3
1.3225953918961202,103.813698681482,-1,-1,1,29
1.3073770159416398,103.792941409382,22,10,10,29
1.30717805424683,103.82846871252,6,22,22,4
1.34170245953321,103.692916978764,-1,5,5,7
1.34963274181586,103.751825709646,4,6,6,1
1.28846476805283,103.81571156854099,14,-1,21,9
1.32325040079256,103.76726005374701,-1,4,4,12
1.2938023510506698,103.831757911057,-1,-1,20,4
1.31421051581741,103.764010395621,8,4,4,12
1.28593366735428,103.80299973798799,30,-1,15,9
1.4559251174811598,103.79954835841,-1,0,0,3
1.44058500086852,103.80098800040301,-1,0,0,17
1.3971288629411998,103.74732971748101,-1,-1,2,16
1.32561764102296,103.67841055156299,-1,-1,5,23
1.33755128782926,103.696942416972,-1,5,5,7
1.28388120820459,103.816939544137,14,21,21,9
1.3505200601545102,103.87556051734501,16,9,9,21
1.35370313485789,103.890680820842,15,9,9,6
1.30865685205337,103.858064369625,6,23,23,27
1.33028201498891,103.747247200113,-1,-1,6,26
1.2815008889802,103.85216045363,6,25,25,13
1.26486181631804,103.818261302493,-1,-1,21,9
1.34903410858812,103.74956676412901,4,6,6,1
1.30485342102107,103.823883490852,6,-1,22,4
1.30347105130137,103.76370554378201,-1,4,4,12
1.30630368530974,103.85682678401699,6,23,23,27
1.29953434891666,103.85840168774,6,-1,23,27
1.31050678948709,103.79517582707899,22,10,10,29
1.28311802386621,103.85047312439501,6,25,25,13
1.29197050938053,103.841157123421,-1,-1,25,13
1.31206292839968,103.92443714927299,-1,-1,8,8
1.2771201218345902,103.84311774377701,6,25,25,13
1.4463150678183898,103.81393681370501,-1,0,0,3
1.34925602280734,103.752037439341,4,6,6,1
1.33781465653,103.84513085219,13,19,19,22
1.31402057628905,103.762740587497,8,4,4,12
1.33658465311805,103.73762330384199,4,6,6,26
1.33690818687337,103.779200659717,18,3,3,20
1.30224581441785,103.793175529068,22,10,10,29
1.30335348726857,103.896617793565,7,-1,12,2
1.2976926630287098,103.89444607007,-1,-1,12,2
1.32371678676907,103.94128871490999,-1,8,8,8
1.34750822865248,103.73056069153799,4,6,6,26
1.35218046898785,103.94059800151899,1,7,7,5
1.34681845451427,103.752496875347,4,6,6,1
1.35779540529822,103.88365310526,15,9,9,6
1.32144768095064,103.955419464473,-1,-1,8,8
1.31972715746683,103.903100260592,25,13,13,2
1.31488882254271,103.882893864338,12,14,14,18
1.33182858762709,103.91189196562,-1,-1,8,8
1.33283359282701,103.72104338142401,-1,-1,6,26
1.39350981217359,103.90910656265899,-1,-1,9,24
1.31578991789131,103.848481545735,9,-1,16,10
1.37083202800005,103.843546990613,3,11,11,0
1.4468041389817,103.805487572098,-1,0,0,3
1.3444981050008002,103.75537517433399,4,6,6,1
1.30618594739078,103.831980208498,6,22,22,4
1.34123727120828,103.846202460812,13,19,19,22
1.3205860945690902,103.862002015145,5,-1,17,10
1.33302931681369,103.79045353086399,-1,-1,1,20
1.33432001132264,103.851714329027,13,19,19,22
1.3786023903258702,103.941978177673,-1,-1,7,5
1.3491594081872702,103.950281490906,1,7,7,5
1.42438506738991,103.846329063065,-1,0,0,15
1.3671443489796695,103.839303539611,3,11,11,0
1.37571547958529,103.90067527329,-1,-1,9,6
1.34588339112667,103.731083620161,4,6,6,26
1.3051221795715902,103.82421138283199,6,-1,22,4
1.34813625297269,103.758314162332,-1,6,6,1
1.37502366744568,103.979877308478,-1,-1,7,19
1.4340979937596798,103.80013126320499,-1,0,0,17
1.3598729916023702,103.952787602577,1,7,7,5
1.36891592471439,103.83450116515499,3,-1,11,0
1.3441652725174698,103.738263367232,4,6,6,26
1.27690359251691,103.843854230672,6,25,25,13
1.40512956754103,103.902369773585,-1,9,9,24
1.3947504764533702,103.877202311729,-1,-1,9,14
1.40800694944031,103.899074357998,-1,9,9,24
1.32112829611523,103.904686640479,25,-1,13,2
1.32727572366024,103.924803599281,2,8,8,8
1.37789727709422,103.739015486021,-1,2,2,16
1.3487416466288,103.69773962973801,-1,-1,5,7
1.37781452082382,103.891280121565,10,9,9,14
1.3766980678365202,103.95514122441999,-1,-1,7,19
1.34694365753901,103.75753938093901,4,6,6,1
1.31506868762295,103.908991427057,-1,-1,13,2
1.3074354794838998,103.85471390343099,6,23,23,27
1.27258411978216,103.68613644025999,-1,-1,5,28
1.3077664976043502,103.68717920776301,-1,-1,5,23
1.26907088657713,103.69845992241,-1,-1,5,28
1.34762239826036,103.75715007251699,4,6,6,1
1.35077278806368,103.9492592317,1,7,7,5
1.31231254760545,103.759312529215,8,4,4,12
1.35250468330974,103.944682574769,1,7,7,5
1.3372864480558702,103.92121574376,-1,-1,8,8
1.34668351000416,103.95656134788601,1,7,7,5
1.34042178857691,103.85376890054899,13,19,19,22
1.4179992628404,103.841236456898,24,0,0,15
1.30624749596702,103.915275474904,7,-1,12,2
1.35454944260135,103.95990018901199,-1,7,7,19
1.36075138741279,103.95787707189301,1,7,7,19
1.37858209980488,103.83676031152599,-1,-1,11,0
1.36326877890119,103.746610701623,21,-1,2,1
1.37491224226569,103.88424814535801,10,9,9,6
1.36708983179046,103.845660199054,3,11,11,0
1.33772592715602,103.720184719217,-1,-1,6,26
1.36682450629498,103.839862466931,3,11,11,0
1.3693112217660202,103.874382847112,-1,9,9,21
1.37372091177121,103.89070698987801,10,9,9,6
1.30462248152205,103.76381774563801,-1,4,4,12
1.30611781253452,103.91402602935499,7,-1,12,2
1.3348448747126,103.72046202427799,-1,-1,6,26
1.33628570919035,103.8474794394,13,19,19,22
1.32684846948334,103.919015573079,2,8,8,8
1.30550628596329,103.829984995532,6,22,22,4
1.3317705447992,103.879294500005,-1,-1,14,18
1.38919466664141,103.873437402619,-1,-1,9,14
1.3499215288021895,103.749171990184,4,6,6,1
1.3488154416624,103.757951913114,-1,6,6,1
1.43376057937718,103.82899338944401,-1,0,0,15
1.2904348652879098,103.803105948762,30,-1,15,9
1.4335937058671495,103.775884057946,19,0,0,17
1.28253467643523,103.829470021296,11,20,20,9
1.2922546713903502,103.802856952057,30,-1,15,9
1.34874703502593,103.74421148399901,4,6,6,1
1.3418091537790602,103.691512648994,-1,5,5,7
1.32994110077369,103.903301445157,28,-1,13,18
1.30771173944607,103.83455616789499,6,22,22,4
1.2733807016786698,103.808980551834,-1,-1,15,9
1.3679998880977902,103.85187394223101,3,11,11,0
1.3660438887167798,103.85536896868099,3,11,11,0
1.33391149180205,103.928158574193,2,8,8,8
1.33786042639305,103.92166330406799,-1,-1,8,8
1.2839122939744698,103.816006111441,14,-1,21,9
1.31401622928074,103.761827370554,8,4,4,12
1.3701440065551105,103.88396814053101,10,9,9,6
1.3444239228116102,103.73050802280001,4,6,6,26
1.34902182441111,103.729609271898,4,6,6,26
1.4219017813663102,103.838605643566,24,0,0,15
1.4383214574873602,103.77775202980699,19,0,0,17
1.3563168882983,103.873175455861,16,9,9,21
1.34837105821584,103.948128928872,1,7,7,5
1.37842710387366,103.754911815576,27,2,2,16
1.33807081646132,103.849457178811,13,19,19,22
1.3168750669608995,103.858670124191,5,-1,17,10
1.31423131705907,103.765097562497,8,4,4,12
1.38085035464591,103.879309094304,-1,-1,9,14
1.3735517859596398,103.838168959329,3,11,11,0
1.34486489552663,103.70339535617701,-1,5,5,7
1.43657077949581,103.79525286546301,-1,0,0,17
1.42305346445826,103.840410313172,24,0,0,15
1.44886402164277,103.832392850944,-1,0,0,3
1.35572308109487,103.739303105372,-1,-1,6,1
1.36305985412192,103.955827944237,1,7,7,19
1.44062992421832,103.80619805652901,-1,0,0,3
1.34536991732883,103.682668843754,-1,-1,5,7
1.37765358161287,103.872811579343,-1,9,9,21
1.43946080634571,103.767572032849,-1,0,0,17
1.44064406794592,103.836082306044,-1,0,0,15
1.45706092422774,103.789851633777,-1,0,0,17
1.31780594447004,103.864652600947,5,-1,17,10
1.27366535093918,103.792712694771,-1,-1,15,9
1.43989928295847,103.842387908365,-1,0,0,15
1.31603127888148,103.689705306338,-1,-1,5,23
1.37402376183005,103.86757411913,-1,-1,9,21
1.27142903023538,103.842338402747,6,-1,25,13
1.2741489362925602,103.801399416665,-1,-1,15,9
1.45929483998917,103.80298302783501,-1,0,0,3
1.27320006221559,103.84529056566,6,25,25,13
1.2797942442163102,103.85454875124901,6,-1,25,13
1.3063078463426,103.791311770125,22,10,10,29
1.3811323448225803,103.942323245402,-1,-1,7,5
1.29201593006905,103.849820400271,6,24,24,13
1.29919702323895,103.78962607494101,-1,-1,10,29
1.27955093259636,103.82740093837,11,-1,20,9
1.30065102658846,103.84944198056,6,-1,23,27
1.33317933400533,103.8788299072,-1,-1,14,18
1.32643338540074,103.901170017525,28,-1,13,18
1.2640129323077098,103.82005101010999,-1,-1,21,9
1.2843399432025,103.85098234671801,6,25,25,13
1.35381345296972,103.867773013876,16,9,9,21
1.32248807089545,103.816013994259,-1,-1,1,29
1.29701305867321,103.85352579000099,6,-1,24,27
1.32195385488886,103.86984339181299,5,-1,17,10
1.29535352274707,103.83015488170099,-1,-1,20,4
1.3411784002923,103.772116406784,18,3,3,20
1.30344933166688,103.896590697517,7,-1,12,2
1.34103987340845,103.860428278171,13,-1,19,22
1.31543175817286,103.87165157359301,-1,-1,17,10
1.31670261574016,103.90163281594299,25,13,13,2
1.30344219853701,103.76863336552499,-1,4,4,12
1.30964598900105,103.857821340639,6,23,23,27
1.3083297448228202,103.660092527414,-1,-1,5,23
1.4438183162527498,103.82577659941099,-1,0,0,3
1.37191999032998,103.946770192124,-1,-1,7,5
1.35886955852922,103.884998268986,15,9,9,6
1.33398254838694,103.866520142842,20,-1,19,10
1.28175869311374,103.84523819071501,6,25,25,13
1.30285776289789,103.865284424819,6,-1,23,27
1.2788539957955902,103.843488181649,6,25,25,13
1.43306021695328,103.841649364872,24,0,0,15
1.37143736463904,103.88126107892,10,9,9,6
1.31400583508366,103.85683127613899,6,-1,23,10
1.3003237054854,103.857629361013,6,-1,23,27
1.30508681845447,103.905098915055,7,12,12,2
1.37187111601413,103.89379016229401,10,9,9,6
1.28074833681274,103.84246340102,6,25,25,13
1.38046758670095,103.83881672162902,-1,-1,11,0
1.3619134724996298,103.855247666901,3,11,11,0
1.3490374351655,103.93271494089399,1,7,7,5
1.35126411286425,103.929363834798,1,7,7,5
1.44902668521094,103.820139486468,-1,0,0,3
1.39778140007382,103.74697404926,-1,-1,2,16
1.3036632014045602,103.863006472509,6,23,23,27
1.33265395312561,103.85021164455,13,19,19,22
1.31251305732379,103.76492775866899,8,4,4,12
1.3245974742508702,103.93187059770399,2,8,8,8
1.3729903159665302,103.846012559319,3,11,11,0
1.31762857776777,103.899529221977,25,13,13,2
1.4164987580813402,103.831578419935,-1,0,0,15
1.35463454937102,103.87689706204701,16,9,9,21
1.32698404492371,103.88714843284401,12,-1,14,18
1.35962289225619,103.88771733286501,15,9,9,6
1.43706628204101,103.831120689838,-1,0,0,15
1.31307576413482,103.895800910409,25,13,13,2
1.30050954843744,103.839224069687,6,22,22,4
1.36399950927193,103.963012743665,-1,-1,7,19
1.32550084519552,103.931967583359,2,8,8,8
1.26499759008668,103.819027060919,-1,-1,21,9
1.37978227745587,103.748759628668,27,2,2,16
1.28874603704088,103.828824191655,11,20,20,4
1.37062493513787,103.84804571414601,3,11,11,0
1.31008118236952,103.788532893714,22,10,10,29
1.34404337282106,103.76954394134701,18,3,3,20
1.34866680916163,103.751790332629,4,6,6,1
1.32213331175282,103.85321681525998,5,17,17,10
1.28263437649669,103.825595753657,11,20,20,9
1.28113033413975,103.84896344551399,6,25,25,13
1.27392939929265,103.825310761145,-1,-1,20,9
1.40386056428577,103.909541012348,-1,9,9,24
1.3628703224303,103.833604034312,-1,-1,11,0
1.3966048607668,103.90834413446,-1,9,9,24
1.3656699361877,103.894847770847,-1,9,9,6
1.3586967995510502,103.88663611134399,15,9,9,6
1.35961518261491,103.767620184058,-1,-1,6,1
1.30658850181782,103.855218716278,6,23,23,27
1.3440935821835402,103.74640917637699,4,6,6,1
1.37096635222625,103.838201940326,3,11,11,0
1.33372865982671,103.879898473982,-1,-1,14,18
1.37989074071592,103.936736601661,-1,-1,7,5
1.3948481652877598,103.89604226838499,26,9,9,14
1.39692772121885,103.74490117121401,-1,-1,2,16
1.39946117845804,103.91605449866199,-1,-1,9,24
1.38319686732577,103.76845411079,31,2,2,25
1.34792965256801,103.936119933977,1,7,7,5
1.32277054934442,103.727859730691,-1,-1,6,26
1.40729776958623,103.758185596726,-1,0,0,16
1.31351376184826,103.88096825312401,12,14,14,18
1.33400699237551,103.870430572231,20,-1,17,10
1.44820036592785,103.819530140823,-1,0,0,3
1.27743927179098,103.848687622624,6,25,25,13
1.30762004852149,103.793463531218,22,10,10,29
1.30151446722775,103.84005442693501,6,22,22,4
1.32735657259634,103.933767796194,2,8,8,8
1.37253315637343,103.893883460466,10,9,9,6
1.34135748843058,103.70670748653299,-1,-1,5,7
1.32387836492084,103.910715006466,-1,-1,13,2
1.3941744729935903,103.913120037036,-1,-1,9,24
1.3558033565401202,103.945102946956,1,7,7,5
1.35277393315535,103.890093177026,15,9,9,6
1.45292980520033,103.816977584813,-1,0,0,3
1.38550420775532,103.90198842492701,-1,-1,9,14
1.43053575384083,103.827667722074,24,0,0,15
1.42751898239054,103.83345047934999,24,0,0,15
1.35017085138479,103.73908463529399,4,6,6,1
1.42841471915129,103.849972824055,-1,0,0,15
1.38374441748548,103.89704655723699,-1,9,9,14
1.38925397515392,103.886445107411,-1,9,9,14
1.35892431398392,103.937644661626,-1,7,7,5
1.44084734957998,103.799421965632,-1,0,0,17
1.36889751131379,103.85620083514699,3,11,11,0
1.39224240572061,103.743190998187,-1,2,2,16
1.3810906534871998,103.744889593727,29,2,2,16
1.3078079619866498,103.88476762297701,-1,-1,14,18
1.3500877176359,103.749914947649,4,6,6,1
1.43188998756068,103.845790190244,-1,0,0,15
1.33923166301634,103.734632045186,4,6,6,26
1.41678634718121,103.83464157924101,24,0,0,15
1.3715471519575302,103.829175544715,-1,-1,11,0
1.3442103020867198,103.759205458315,-1,-1,6,1
1.3536117802043,103.70372531239599,-1,-1,5,7
1.31775559847161,103.87943951003099,12,-1,14,18
1.27740785926631,103.819408460492,-1,-1,21,9
1.27718546024849,103.819516181007,-1,-1,21,9
1.2803211411457098,103.82618585443599,11,-1,20,9
1.33292174803788,103.938240229048,2,8,8,8
1.31427860227341,103.771350557894,8,4,4,12
1.30717590843198,103.793500328714,22,10,10,29
1.37385371261116,103.721714359645,-1,-1,2,16
1.347754099093,103.952436774993,1,7,7,5
1.32043903021971,103.88242043324499,12,14,14,18
1.32929126082804,103.931090689284,2,8,8,8
1.44283592110682,103.790770766025,-1,0,0,17
1.28705272991928,103.840803848104,6,-1,25,13
1.35176914072224,103.836067746141,23,-1,18,22
1.32452045191679,103.885514575324,12,14,14,18
1.3711512812418798,103.89447367673,10,9,9,6
1.37068822144676,103.881514984012,10,9,9,6
1.37514898677959,103.88289417595699,10,9,9,6
1.3720526962636497,103.886531403839,10,9,9,6
1.33461972550043,103.893515877841,-1,-1,14,18
1.2863085351796102,103.828004844701,11,20,20,9
1.32470128764813,103.85710533790501,5,-1,17,10
1.28741411030414,103.84201477461,6,-1,25,13
1.29307225898643,103.827075942117,11,-1,20,4
1.36092283930266,103.953359364582,1,7,7,5
1.33002586987712,103.90099540558201,28,-1,13,18
1.2777118054936398,103.847522669144,6,25,25,13
1.30659563968247,103.862593864779,6,23,23,27
1.34571919855889,103.71951450361601,17,6,6,26
1.35097779933057,103.873595480638,16,9,9,21
1.3362658302815602,103.64721982849701,-1,-1,5,23
1.30723461520819,103.78719755172399,22,10,10,29
1.29611477788818,103.629504049989,-1,-1,5,11
1.2825209684701002,103.807545923064,-1,-1,15,9
1.3206616989763502,103.92916869159599,2,8,8,8
1.36923561405404,103.848693181185,3,11,11,0
1.29237860670959,103.85466296886801,6,-1,25,27
1.4220152320118,103.84071429554399,24,0,0,15
1.3298254398168998,103.79946995598301,-1,-1,1,29
1.30455857976503,103.904211660565,7,12,12,2
1.3593866966906003,103.88663487809,15,9,9,6
1.37262666876273,103.853976743801,3,11,11,0
1.28250299108281,103.846915003635,6,25,25,13
1.31756196675604,103.7858406179,-1,-1,10,29
1.30460147842411,103.904699618232,7,12,12,2
1.3719460412794298,103.878032898695,10,9,9,6
1.39922856990291,103.889653919048,26,9,9,14
1.33607209475068,103.934830606324,2,8,8,8
1.35269613917059,103.73980993337601,4,6,6,1
1.3741553344551298,103.742759621749,-1,-1,2,16
1.38621835522431,103.89299549601999,-1,9,9,14
1.30061922274712,103.84222854750799,6,22,22,4
1.31973060568904,103.842115229399,9,-1,16,10
1.3920941559405202,103.89498002538299,26,9,9,14
1.35210299492901,103.93653432186701,1,7,7,5
1.31038185105341,103.87878661040199,12,-1,14,18
1.45603699736225,103.815580869079,-1,0,0,3
1.30764582367726,103.86026917267598,6,23,23,27
1.3161266775158,103.883723551649,12,14,14,18
1.31872481570141,103.91186858706,-1,-1,13,2
1.33444874946938,103.852333287558,13,19,19,22
1.37138400081004,103.837381409794,3,-1,11,0
1.4442158770716,103.77402718469,-1,0,0,17
1.39207387937106,103.743099576162,-1,2,2,16
1.3629811391371,103.888536901377,15,9,9,6
1.3346408438483,103.84916551471301,13,19,19,22
1.31348130961365,103.899687333899,25,13,13,2
1.2834067559863602,103.816756914621,14,-1,21,9
1.38433426615657,103.881623070164,-1,-1,9,14
1.3494372733711202,103.93278992905701,1,7,7,5
1.37113968605234,103.842644163241,3,11,11,0
1.36706634197247,103.964635610477,-1,-1,7,19
1.34917198788037,103.849165453932,0,-1,18,22
1.33472490467435,103.739321261736,4,6,6,26
1.34483235620536,103.730778253474,4,6,6,26
1.3418305567523798,103.738020275061,4,6,6,26
1.34051876831484,103.704549717701,-1,5,5,7
1.3497197966376495,103.730717863166,4,6,6,26
1.34902708903266,103.71842993397101,17,6,6,7
1.34178799847022,103.776304121109,18,3,3,20
1.3627144603545502,103.8882578832,15,9,9,6
1.3255711309613702,103.84249383532101,9,-1,16,22
1.27302201949384,103.82212324602,-1,-1,21,9
1.35886666462905,103.844150538229,-1,-1,11,0
1.31503870983575,103.88326534647499,12,14,14,18
1.36479805237021,103.866049536924,-1,-1,9,21
1.31275329709405,103.923657863473,-1,-1,8,8
1.30763631807493,103.907133542085,7,12,12,2
1.3026505739111298,103.837317277241,6,22,22,4
1.32066445696205,103.869914604242,5,-1,17,10
1.4298998338193405,103.833671016641,24,0,0,15
1.35539306251993,103.934429348334,1,7,7,5
1.30735602150701,103.90663154371599,7,12,12,2
1.31486641903029,103.889947832684,25,-1,13,18
1.30780276693956,103.895551267647,-1,-1,13,2
1.3318665651166202,103.92996022958401,2,8,8,8
1.33663059937652,103.92574851611,2,8,8,8
1.3840651692895098,103.744923812475,29,2,2,16
1.3092298420713402,103.79266085764601,22,10,10,29
1.31811559287302,103.898220673165,25,13,13,2
1.3456572029422098,103.854641447626,0,-1,18,22
1.39990420674063,103.91935274789101,-1,-1,9,24
1.36521771109119,103.86610521824,-1,-1,9,21
1.30059921929108,103.657055083687,-1,-1,5,23
1.29812914687592,103.67777868866501,-1,-1,5,23
1.29827800161213,103.67098295556299,-1,-1,5,23
1.33177300757052,103.92423646123699,2,8,8,8
1.3622849357208402,103.887787767386,15,9,9,6
1.36462540270464,103.84767703436899,3,11,11,0
1.30403300585899,103.86492840835501,6,-1,23,27
1.36185535796354,103.74553689387,21,-1,2,1
1.36454170890842,103.85510369054899,3,11,11,0
1.31228409003273,103.78840388918002,-1,10,10,29
1.34909908028045,103.850673737521,0,18,18,22
1.30628911866016,103.76151810816,-1,4,4,12
1.42585284933912,103.831598317323,24,0,0,15
1.32480102552269,103.932384005117,2,8,8,8
1.3478007201456397,103.849316086687,0,18,18,22
1.37224394036327,103.847529279223,3,11,11,0
1.43188761932591,103.833567756794,24,0,0,15
1.3898678837082,103.898520282397,-1,9,9,14
1.32783473916355,103.935211634841,2,8,8,8
1.3852519696271102,103.745864156514,29,2,2,16
1.29839412233289,103.83911974884,6,22,22,4
1.29892117693692,103.83955006146299,6,22,22,4
1.2842465519340902,103.83250362706998,11,-1,20,13
1.36336164485212,103.865613999937,-1,-1,9,21
1.32119096792978,103.903554516253,25,13,13,2
1.2751700006885902,103.844496391788,6,25,25,13
1.3148035146287,103.87230145815599,-1,-1,14,10
1.34716236191297,103.74280787947599,4,6,6,1
1.31641321892513,103.757451263299,-1,4,4,12
1.3538119834247402,103.87013457465,16,9,9,21
1.38041181166504,103.75258047021,27,2,2,16
1.33399413849743,103.738819152518,4,6,6,26
1.34010837556376,103.88503249835199,-1,-1,9,18
1.32112499272339,103.86583328597601,5,17,17,10
1.34084991073362,103.95143371751699,-1,7,7,5
1.28879800625503,103.814352116968,14,-1,21,9
1.3528637342999,103.836407211393,23,-1,18,0
1.30358622534993,103.76610375397,-1,4,4,12
1.3460516401661995,103.73142001542101,4,6,6,26
1.3451382856997702,103.718857627589,17,6,6,26
1.30880609386858,103.861311954867,6,23,23,27
1.37683552128548,103.77482584865601,-1,2,2,25
1.4205602382188898,103.838449241015,24,0,0,15
1.30639170164263,103.906038105935,7,12,12,2
1.36134370379955,103.75123068354999,21,-1,6,1
1.35595238706012,103.94593740086701,1,7,7,5
1.34830189530175,103.74425726810499,4,6,6,1
1.37829768797222,103.754071398872,27,2,2,16
1.3245476110254,103.887943886744,12,-1,14,18
1.30665509304961,103.90475791866501,7,12,12,2
1.3748597302123302,103.850224901404,3,11,11,0
1.3493634526643,103.75232097678499,4,6,6,1
1.32534102499628,103.92543538387,2,8,8,8
1.28907506834278,103.81531843348101,14,-1,21,9
1.3779393179423505,103.75091538895,27,2,2,16
1.35113833740962,103.933863132539,1,7,7,5
1.31443081636434,103.766358328432,8,4,4,12
1.4434170069790102,103.77786124229601,-1,0,0,17
1.31258172942665,103.923250207297,-1,-1,8,8
1.31004098731359,103.931988303024,-1,-1,8,8
1.2851342706705902,103.821532226321,14,-1,21,9
1.37704293112479,103.77331008684601,-1,2,2,25
1.37145809347749,103.84651632682801,3,11,11,0
1.38536316540227,103.744370779756,29,2,2,16
1.28887379887013,103.846797382693,6,25,25,13
1.31819885974203,103.907117249753,25,-1,13,2
1.32627271243234,103.922885287154,2,8,8,8
1.35419338379484,103.877424619686,16,9,9,21
1.34639172413317,103.93961398508002,1,7,7,5
1.306917562951,103.85162574601,6,23,23,27
1.32132459083846,103.848949245667,5,17,17,10
1.36532115572685,103.980012783091,-1,-1,7,19
1.35046468321699,103.88650935289499,15,9,9,6
1.31733721505472,103.878442674183,12,-1,14,18
1.35478438666058,103.89031847592899,15,9,9,6
1.30255976796098,103.90607458727,7,12,12,2
1.33939291323972,103.885702651419,-1,-1,9,18
1.32139446427246,103.869336174701,5,-1,17,10
1.38356073363919,103.969780903692,-1,-1,7,19
1.32580408523456,103.90129236831899,28,-1,13,18
1.32370047880356,103.923497151617,2,8,8,8
1.35316637447596,103.94268832666599,1,7,7,5
1.29408304748299,103.853339531257,6,-1,24,27
1.32942111201493,103.902317496614,28,-1,13,18
1.31497429528988,103.890470106645,25,13,13,18
1.31372067382173,103.855272733514,6,-1,23,10
1.32788057175881,103.88522031341,12,-1,14,18
1.3633256757561398,103.865679084422,-1,-1,9,21
1.34050692179361,103.77390390466299,18,3,3,20
1.27736066510424,103.831600213349,-1,-1,25,13
1.28257452719679,103.858562162091,-1,-1,25,13
1.28332611385656,103.83101454846201,11,20,20,13
1.30585966549608,103.914721778871,7,-1,12,2
1.27658580901509,103.84033450838301,6,25,25,13
1.4384792954340802,103.77861585514499,19,0,0,17
1.43515895067379,103.77602334319799,19,0,0,17
1.43136934951879,103.82889284716299,24,0,0,15
1.2748497483686498,103.842184815618,6,25,25,13
1.30570669675969,103.854943251549,6,23,23,27
1.28367384639247,103.844662527249,6,25,25,13
1.28857969885016,103.839614514996,-1,-1,25,13
1.40322712524586,103.89538702241998,-1,9,9,24
1.3017850636418702,103.798226442608,-1,10,10,29
1.3322702396685902,103.85239420439301,13,19,19,22
1.37542259067317,103.865489463755,-1,-1,9,21
1.2927591126539,103.668876550303,-1,-1,5,23
1.35064579494758,103.87259047749201,16,9,9,21
1.3210261097978302,103.748313133948,-1,-1,4,12
1.36990039748776,103.870224885633,-1,9,9,21
1.3425624229185,103.739259690369,4,6,6,26
1.35187874821929,103.718501587999,17,6,6,7
1.3471866778903898,103.851049225201,0,18,18,22
1.3614335628875198,103.953567371094,1,7,7,5
1.37484071502494,103.896993805,10,9,9,6
1.39684979900141,103.889246755784,26,9,9,14
1.33378519606712,103.84451622659901,13,19,19,22
1.3011471290118,103.84956984896401,6,-1,23,27
1.3381749584344398,103.886595725626,-1,-1,9,18
1.29274220316641,103.802807201455,-1,-1,15,9
1.3020047173196498,103.83658396580601,6,22,22,4
1.42834858574608,103.831116272448,24,0,0,15
1.28096680702384,103.810298189643,-1,-1,15,9
1.43229801828915,103.76764108784401,-1,0,0,17
1.34903237530043,103.84804751471901,0,-1,18,22
1.3132163815836102,103.895732032457,25,13,13,2
1.33332819303976,103.743359442234,4,6,6,26
1.3722876159658,103.94973390567199,-1,-1,7,5
1.4064846202707402,103.902131833594,-1,9,9,24
1.29124400604242,103.84998479004801,6,25,25,13
1.36448974299464,103.751987145985,21,-1,6,1
1.3725931417385602,103.898813147029,10,9,9,6
1.42662488391451,103.84293021386601,24,0,0,15
1.3545085868827,103.87928135313801,16,9,9,21
1.28377015953589,103.847418081421,6,25,25,13
1.34008801234717,103.85694938380199,13,-1,19,22
1.28686170538598,103.813904189286,14,21,21,9
1.3081632183822,103.85375143736499,6,23,23,27
1.32228655863069,103.90272051395901,25,13,13,2
1.32081179656864,103.66439231444201,-1,-1,5,23
1.43916561399623,103.833139390019,-1,0,0,15
1.39139722657165,103.890466407379,26,9,9,14
1.38603998336503,103.896966686372,-1,9,9,14
1.31074694963839,103.79643078694599,22,10,10,29
1.34410477510373,103.72030186190399,17,6,6,26
1.3949141729758798,103.88800013778999,26,9,9,14
1.41517634322679,103.83983038219999,24,0,0,15
1.315096685325,103.766817400667,8,4,4,12
1.40371939757403,103.906138006707,-1,9,9,24
1.38868132378094,103.771312569429,-1,-1,2,25
1.38509602471478,103.760218434373,-1,2,2,25
1.32241613842755,103.863267101782,5,-1,17,10
1.43109807246889,103.79850762117701,-1,0,0,17
1.3103523628298002,103.794716633479,22,10,10,29
1.29889429202315,103.85400955297101,6,-1,23,27
1.3224906803665,103.853367291182,5,17,17,10
1.3330664817458602,103.93109139007099,2,8,8,8
1.31465751261169,103.890998046978,25,-1,13,18
1.27929089822634,103.836531558951,6,-1,25,13
1.27960220695743,103.83834624805799,6,25,25,13
1.3743245905856,103.845677779279,3,11,11,0
1.33449729734045,103.858989057136,13,-1,19,22
1.4308932282828102,103.775212914803,19,0,0,17
1.4303585199241695,103.83919069893899,24,0,0,15
1.31949992770153,103.84990055478599,5,-1,17,10
1.3196829018253,103.849006940327,9,-1,17,10
1.34574577748225,103.941348203942,1,7,7,5
1.2785805962446002,103.836119450237,6,25,25,13
1.394420477697,103.893021720246,26,9,9,14
1.34069006688176,103.949352499034,-1,7,7,5
1.3879120246062402,103.84403350993401,-1,-1,11,0
1.42214461352328,103.833261316404,24,0,0,15
1.37794056201073,103.773337848764,31,2,2,25
1.37850873559017,103.773212348159,31,2,2,25
1.33545353246781,103.863387980398,-1,-1,19,10
1.32797877350562,103.92580479263201,2,8,8,8
1.35402316413304,103.96160523221901,-1,-1,7,19
1.35317296300296,103.95829434599399,-1,7,7,19
1.27885086043047,103.840612608745,6,25,25,13
1.2874770765285402,103.805253381137,30,15,15,9
1.37715619247431,103.774822991849,-1,2,2,25
1.3077850951026202,103.857010982845,6,23,23,27
1.28883856193459,103.84655802501601,6,25,25,13
1.32237497031771,103.738412755847,-1,-1,6,26
1.30384327182322,103.87275070166099,-1,-1,23,27
1.30212202692321,103.849511311665,6,-1,23,27
1.3230264523271298,103.811154868161,-1,-1,1,29
1.33221398206902,103.722691571538,-1,-1,6,26
1.34767189554903,103.71704836601499,17,6,6,7
1.34330790784968,103.688873352514,-1,-1,5,7
1.29338294925719,103.80933071941601,-1,-1,15,9
1.34063904358364,103.742474504127,4,6,6,26
1.3265088163361,103.854443928029,5,-1,17,10
1.36956178513925,103.88050750639201,10,9,9,6
1.34558025001259,103.716571335991,17,6,6,7
1.42452849741738,103.846595546746,-1,0,0,15
1.34320342118663,103.95337132478501,-1,7,7,5
1.39169462601522,103.895484694279,26,9,9,14
1.3535474260169802,103.944958694255,1,7,7,5
1.3078206028233998,103.885092299552,-1,-1,14,18
1.36993317536444,103.849558130943,3,11,11,0
1.4210618052393702,103.838806521089,24,0,0,15
1.30601911253084,103.905347008954,7,12,12,2
1.3508389878474,103.848143964542,0,18,18,22
1.33936403011514,103.70530819076001,-1,-1,5,7
1.42969848626291,103.835776491468,24,0,0,15
1.34835438789001,103.748094095917,4,6,6,1
1.29946643468016,103.842047171187,6,22,22,4
1.33177581503051,103.946201241591,-1,-1,8,8
1.38736769500019,103.869348049282,-1,-1,9,14
1.33856179501566,103.699014641414,-1,5,5,7
1.2911334054635,103.807354818647,30,15,15,9
1.33156209982261,103.94858266389299,-1,-1,8,8
1.29365601887643,103.851601014895,6,-1,24,27
1.3696862550196698,103.947922425135,-1,-1,7,5
1.30862447948686,103.700980163174,-1,-1,5,23
1.30246202649443,103.76455528993799,-1,4,4,12
1.33575723665507,103.856789628423,13,-1,19,22
1.30654388093784,103.895562911604,-1,-1,12,2
1.30945190690439,103.818397623368,-1,-1,22,4
1.3460992536252,103.697696356279,-1,5,5,7
1.30248110033248,103.906791337078,7,12,12,2
1.2999742963472,103.78843336158,-1,10,10,29
1.31643261181572,103.882906044385,12,14,14,18
1.37332712966954,103.85438257260901,3,11,11,0
1.32397996868159,103.929984495066,2,8,8,8
1.3586115909419298,103.75179091073299,21,6,6,1
1.38824021682693,103.76957538705999,-1,2,2,25
1.37405461764253,103.746160942106,-1,2,2,16
1.3915870480642802,103.879872486444,-1,-1,9,14
1.28636578112543,103.82878986560699,11,20,20,9
1.4335125352076,103.77974686015699,19,0,0,17
1.4202633417451,103.847589407494,-1,0,0,15
1.3113303652055,103.79558208948099,22,10,10,29
1.30697526832762,103.797080329252,22,10,10,29
1.43611425409218,103.83760523595801,24,0,0,15
1.3500083959025202,103.759862841397,-1,6,6,1
1.30212803728952,103.852604729752,6,23,23,27
1.43241454244639,103.833344544995,24,0,0,15
1.3526303227142098,103.74928403194599,4,6,6,1
1.34551210586752,103.73121914575,4,6,6,26
1.3026393396839098,103.883179671688,-1,-1,14,18
1.37020193258523,103.961614642518,-1,-1,7,19
1.34922419580697,103.934912515373,1,7,7,5
1.3307749277099,103.795713392342,-1,1,1,20
1.38450243119905,103.77153743156299,31,2,2,25
1.40597704115001,103.898544055197,-1,9,9,24
1.38572932197007,103.89259543458599,-1,9,9,14
1.35585780112316,103.933334387633,-1,7,7,5
1.4375511678734,103.794699670585,-1,0,0,17
1.3445598332951998,103.85573741959601,13,-1,19,22
1.4113530959821798,103.900614672147,-1,-1,9,24
1.3751266611338702,103.88223492788299,10,9,9,6
1.32339741269523,103.866812029524,5,-1,17,10
1.33385759374197,103.865845367722,20,-1,19,10
1.28093474456199,103.84982246573401,6,25,25,13
1.31898220434612,103.894722842965,25,-1,13,18
1.33484374540152,103.966496043645,-1,-1,7,19
1.2645959643703202,103.724067254057,-1,-1,4,28
1.43228225812657,103.786714412457,-1,0,0,17
1.43966937766405,103.790761499462,-1,0,0,17
1.36953934406281,103.858385596097,3,11,11,0
1.30041423392972,103.852292796726,6,-1,23,27
1.36538422642268,103.852966961527,3,11,11,0
1.3782034938093,103.75645151021,27,2,2,25
1.39146310140022,103.85060244791,-1,-1,11,0
1.3635509577068,103.76423610633002,-1,-1,2,25
1.31881486980279,103.89258077824199,25,-1,13,18
1.3454530478951,103.697715535254,-1,5,5,7
1.33254084365722,103.93898934581,2,8,8,8
1.30397881313464,103.861554245252,6,23,23,27
1.37119666371478,103.857024005721,3,11,11,0
1.4276746452937998,103.837731455467,24,0,0,15
1.3019510617485,103.83829837123,6,22,22,4
1.39830448706534,103.895959126637,-1,9,9,24
1.39757994685493,103.896824585027,-1,9,9,24
1.29420569587402,103.84239953955401,-1,-1,22,4
1.37164173642374,103.874102220779,-1,9,9,21
1.33711883394537,103.69715629537701,-1,5,5,7
1.33387420762687,103.69722138662,-1,-1,5,7
1.28835977080875,103.82705691109699,11,20,20,9
1.3364179818371498,103.751807381961,-1,-1,6,1
1.41840746777827,103.844547664772,24,0,0,15
1.4160048174658102,103.844255308586,24,0,0,15
1.32363913722347,103.854988582241,5,-1,17,10
1.42015550979871,103.843558885942,24,0,0,15
1.36485740076854,103.890728400886,15,9,9,6
1.33235435973174,103.86777426101999,20,-1,17,10
1.35881518143769,103.935147322452,-1,7,7,5
1.37955728191612,103.840735651035,-1,-1,11,0
1.35831705249927,103.749579868748,21,6,6,1
1.32471579654689,103.857752875203,5,-1,17,10
1.3578325217882,103.946726918914,1,7,7,5
1.37878134847957,103.89515130337,-1,9,9,14
1.44438629292757,103.807925409687,-1,0,0,3
1.38290495731415,103.893713485123,-1,9,9,14
1.37791506138102,103.903623796196,-1,-1,9,14
1.40461003085619,103.908665597491,-1,9,9,24
1.39255040546535,103.87633039472401,-1,-1,9,14
1.40053114998826,103.910536919134,-1,9,9,24
1.28245765117378,103.84898743176001,6,25,25,13
1.3496223497534698,103.849881702733,0,-1,18,22
1.42019986585644,103.84107464313601,24,0,0,15
1.28855393184564,103.827290023383,11,20,20,9
1.4112470351271498,103.89750136126499,-1,-1,9,24
1.4009356315190902,103.899198538,-1,9,9,24
1.3405660636011398,103.77401321762301,18,3,3,20
1.29901677414967,103.855482356252,6,-1,23,27
1.29632303476546,103.830019982029,-1,-1,20,4
1.3113516993319598,103.856724057693,6,23,23,27
1.3497114750431,103.751535988573,4,6,6,1
1.34235722031429,103.775276992741,18,3,3,20
1.28994618456456,103.82767972048201,11,20,20,4
1.31244727745019,103.796800676243,22,10,10,29
1.3715874405125,103.89336999004499,10,9,9,6
1.3704794096510902,103.89512846692301,10,9,9,6
1.31148732841248,103.871347274865,-1,-1,23,10
1.30213889373059,103.906749407665,7,12,12,2
1.4298925598086798,103.77385392757799,19,0,0,17
1.3174823105835802,103.892832205276,25,-1,13,18
1.28933202700547,103.817058256205,14,-1,21,9
1.3523890761763102,103.872108792675,16,9,9,21
1.35405255194875,103.872524450991,16,9,9,21
1.31461849889243,103.894738004496,25,13,13,18
1.33996269630773,103.77389767865999,18,3,3,20
1.2848963520342,103.637055078173,-1,-1,5,11
1.30114329771679,103.857243718624,6,23,23,27
1.35640628728791,103.98621181585399,-1,-1,7,19
1.4360078447427198,103.78568873405001,-1,0,0,17
1.2846650684863798,103.852127483288,6,25,25,13
1.27910567828196,103.854297424273,6,-1,25,13
1.31056351475337,103.796107173318,22,10,10,29
1.37838922118002,103.763150183869,-1,2,2,25
1.30290816774948,103.86186751648899,6,23,23,27
1.3612912317660002,103.99060554697,-1,-1,7,19
1.33472214566593,103.740041227701,4,6,6,26
1.3711960330110902,103.89366816379999,10,9,9,6
1.27450787128852,103.845710221103,6,25,25,13
1.2886146903058702,103.805009964592,30,15,15,9
1.33121182879459,103.79482542778,-1,-1,1,20
1.33360158623326,103.965411905521,-1,-1,7,19
1.27869227414229,103.85135237789,6,25,25,13
1.28013740537495,103.84931639532499,6,25,25,13
1.32574461342218,103.929194613757,2,8,8,8
1.34184620776595,103.983995685758,-1,-1,7,19
1.3033435581959698,103.775149034421,-1,-1,4,12
1.35828837754731,103.93138662837299,-1,7,7,5
1.33844020337153,103.983679103078,-1,-1,7,19
1.34732433078394,103.890687115542,-1,-1,9,6
1.35467549988408,103.699566545707,-1,-1,5,7
1.29760369578328,103.808791846593,-1,-1,15,9
1.30579809907359,103.90437129706301,7,12,12,2
1.38650187058095,103.758433939145,-1,2,2,25
1.39045272942315,103.908892267885,-1,-1,9,24
1.40262197348867,103.916519598298,-1,-1,9,24
1.36435943938989,103.864989329267,-1,-1,9,21
1.4399836660873402,103.801293104268,-1,0,0,17
1.4263621763259,103.837150418219,24,0,0,15
1.27854225616617,103.83399939304199,6,-1,25,13
1.28685131551793,103.80401903489201,30,15,15,9
1.35302664004117,103.882887594334,15,9,9,6
1.34688591749066,103.69547448466601,-1,5,5,7
1.3228447185634298,103.845976755687,9,16,16,10
1.34071089584169,103.741213160816,4,6,6,26
1.4318555874948702,103.775294044439,19,0,0,17
1.33635490577952,103.92020356651199,-1,-1,8,8
1.29309408587045,103.855583933723,6,-1,24,27
1.30394637273946,103.83482694590401,6,22,22,4
1.3166189803866202,103.778947255411,-1,-1,4,12
1.27175707090155,103.80956043832701,-1,-1,21,9
1.3135304026851002,103.77085984093901,8,4,4,12
1.30778051437063,103.856495249944,6,23,23,27
1.37802616177265,103.748826770919,27,2,2,16
1.43377281328641,103.842276902325,24,0,0,15
1.31119227155974,103.79529144177401,22,10,10,29
1.3615528211762398,103.886282852175,15,9,9,6
1.4342288928375602,103.838543994351,24,0,0,15
1.42933705820038,103.834043041983,24,0,0,15
1.3150666444881498,103.873569683554,-1,-1,14,18
1.30197443998019,103.848455900765,6,-1,23,27
1.35064916423008,103.97232555148899,-1,-1,7,19
1.3924663292243,103.873207670352,-1,-1,9,14
1.32772603588994,103.921311765651,2,8,8,8
1.37099726389555,103.84592798721201,3,11,11,0
1.32915449916333,103.86998002170401,20,-1,17,10
1.31722360899285,103.904685298844,25,13,13,2
1.35722283118339,103.84378525261499,-1,-1,11,0
1.28633177192834,103.827550771424,11,20,20,9
1.4343183844191203,103.787634150698,-1,0,0,17
1.41571536196152,103.83341041790199,24,0,0,15
1.3329589095790602,103.743429962902,4,6,6,26
1.45384518789713,103.819543348113,-1,0,0,3
1.46105454366233,103.824265254464,-1,0,0,3
1.24347017858774,103.611319049976,-1,-1,5,11
1.3825304614746,103.89115657899099,-1,9,9,14
1.3828573412502398,103.76201013594101,-1,2,2,25
1.3538632269773605,103.871939623369,16,9,9,21
1.3701298339951298,103.873115537451,-1,9,9,21
1.31124740844141,103.82675676076599,6,-1,22,4
1.27179951415992,103.726897394089,-1,-1,4,28
1.3466588928113898,103.699099859364,-1,5,5,7
1.37262841608632,103.845682928938,3,11,11,0
1.27549895431694,103.841398475091,6,25,25,13
1.34336805203726,103.848402340851,0,-1,19,22
1.32214580323511,103.71792477494301,-1,-1,6,26
1.2564252926653998,103.820241814265,-1,-1,21,9
1.3252954320960502,103.875061733202,-1,-1,14,18
1.3020645052871498,103.83634095374799,6,22,22,4
1.33576406460829,103.96302400971099,-1,-1,7,19
1.43688030710906,103.786463538872,-1,0,0,17
1.32003554111516,103.944570078049,-1,-1,8,8
1.3803408993469095,103.848083337667,-1,-1,11,0
1.4341687851182,103.842950441024,24,0,0,15
1.37760320468721,103.88754617106501,10,9,9,14
1.3771798617148,103.997280822767,-1,-1,7,19
1.31484641105661,103.895864993673,25,13,13,2
1.3458161546681202,103.965842755849,-1,-1,7,19
1.3395092230257502,103.85564679729,13,-1,19,22
1.30948276318531,103.911720115974,7,-1,12,2
1.3117784889510802,103.795257905221,22,10,10,29
1.36177436373459,103.885935907589,15,9,9,6
1.34064293639027,103.85433449711999,13,-1,19,22
1.3178307933429398,103.880072112311,12,-1,14,18
1.35271387597342,103.83452963364901,23,-1,18,0
1.4367247841896,103.836966390282,24,0,0,15
1.3436360788798898,103.900280919923,-1,-1,9,6
1.3529084584088102,103.88897233830299,15,9,9,6
1.3502394308637,103.848477625201,0,-1,18,22
1.28108025745121,103.835736510976,6,-1,25,13
1.3241243293125,103.934921045772,2,8,8,8
1.35004734886693,103.896796279485,-1,-1,9,6
1.3916030315183,103.849272321038,-1,-1,11,0
1.29897550209372,103.83840639869,6,22,22,4
1.42222507353991,103.762491121456,-1,0,0,17
1.2988498147261398,103.849840386467,6,23,23,27
1.32662388643566,103.931806159881,2,8,8,8
1.39270567774952,103.894063936878,26,9,9,14
1.36846766161724,103.959437516581,-1,7,7,19
1.30248202632176,103.9077387936,7,12,12,2
1.30236932766651,103.834980235031,6,22,22,4
1.3548643421861002,103.83282038016199,23,-1,11,0
1.28108139632865,103.826489308768,11,-1,20,9
1.32691137466795,103.924883893296,2,8,8,8
1.3077685822178402,103.907326272696,7,12,12,2
1.30222177381285,103.876152665088,-1,-1,14,27
1.30535121511821,103.788347379295,22,10,10,29
1.4305834379957,103.79084577887899,-1,0,0,17
1.28708575062299,103.818851050403,14,21,21,9
1.35624734056497,103.853345140483,-1,-1,11,0
1.44846387217425,103.794459766955,-1,0,0,17
1.32594069200444,103.931640022396,2,8,8,8
1.28146830278785,103.836685147987,6,-1,25,13
1.35345315769814,103.953009918868,1,7,7,5
1.42501074313139,103.846428227034,-1,0,0,15
1.37730128071548,103.767979335905,31,2,2,25
1.3688852858224,103.977091518933,-1,-1,7,19
1.29012463967717,103.71324832038,-1,-1,4,28
1.38264116117115,103.934861798494,-1,-1,7,5
1.30309320792603,103.87508768942,-1,-1,14,27
1.41735408804032,103.86416194040702,-1,-1,0,15
1.31120591944605,103.930120930196,-1,-1,8,8
1.3417336559712498,103.948866250385,-1,7,7,5
1.33948085331458,103.712432335863,-1,-1,6,7
1.3495044894259098,103.74188903101101,4,6,6,1
1.40541353588132,103.89682389735201,-1,9,9,24
1.3693472679781398,103.87261399769699,-1,9,9,21
1.31223691149556,103.85477393043502,6,23,23,27
1.41690780070063,103.896018765404,-1,-1,9,24
1.35047535991423,103.876132957211,16,9,9,21
1.33178245077456,103.939208398976,2,8,8,8
1.3715526543186498,103.970231053612,-1,-1,7,19
1.3732710069519698,103.865690148488,-1,9,9,21
1.40230301367169,103.901262391698,-1,9,9,24
1.33430470287059,103.88964474750601,-1,-1,14,18
1.39382852195671,103.888915861917,26,9,9,14
1.38057053056183,103.76973269177,31,2,2,25
1.37162570203323,103.857736107527,3,11,11,0
1.3583024219434,103.950658405067,1,7,7,5
1.30234754310754,103.86226001236099,6,23,23,27
1.34958656573248,103.72631531647,-1,6,6,26
1.4244426373039698,103.845870092641,-1,0,0,15
1.29306335877348,103.851293463737,6,-1,24,27
1.33417429846962,103.85220455471901,13,19,19,22
1.34870136989321,103.848526713748,0,-1,18,22
1.31053024860516,103.85565742478902,6,23,23,27
1.35338313924636,103.88625894527,15,9,9,6
1.4460818822486,103.828739863564,-1,0,0,3
1.31264014497831,103.872491873561,-1,-1,14,10
1.2819044575007,103.85002796558001,6,25,25,13
1.33326351781135,103.74031748518601,4,6,6,26
1.32569973464372,103.931074627428,2,8,8,8
1.31287039829399,103.76482165678,8,4,4,12
1.3167220672069,103.901741333725,25,13,13,2
1.31480522272256,103.89341832584499,25,-1,13,18
1.33637984535556,103.88730577143,-1,-1,14,18
1.36408380360328,103.960249459181,-1,7,7,19
1.34834234440869,103.93437977922899,1,7,7,5
1.33130517787874,103.909992224709,-1,-1,8,2
1.35809928242124,103.75071966932501,21,6,6,1
1.31983803117224,103.943971359147,-1,-1,8,8
1.34056146494475,103.77314593585399,18,3,3,20
1.2967168739438,103.792890134911,-1,-1,10,29
1.31332029224881,103.884974579974,12,14,14,18
1.30711568626099,103.795264617136,22,10,10,29
1.30946168708528,103.85488756765498,6,23,23,27
1.2779710593074398,103.844515212164,6,25,25,13
1.3687931417115102,103.85552783329099,3,11,11,0
1.35288997709611,103.886657257578,15,9,9,6
1.33904479783227,103.85554106336001,13,-1,19,22
1.27395376732331,103.80881747050199,-1,-1,15,9
1.36356572674157,103.746596967526,21,2,2,1
1.29073246202286,103.803846934678,30,15,15,9
1.33691029763169,103.85403035275101,13,19,19,22
1.27585064007047,103.844244849875,6,25,25,13
1.31131553630903,103.795243294233,22,10,10,29
1.3141225418475702,103.764518594142,8,4,4,12
1.3107257893924398,103.834998811306,6,-1,22,4
1.27482749239616,103.79906482343,-1,-1,15,9
1.28565854479174,103.84780786573,6,25,25,13
1.33653868091671,103.88876270958201,-1,-1,14,18
1.27752628872271,103.85293534419,6,25,25,13
1.45035573249191,103.826654919951,-1,0,0,3
1.35793492334181,103.76799349997499,-1,-1,6,1
1.2990352287328302,103.776523307961,-1,-1,4,12
1.30694456840808,103.82933959624701,6,22,22,4
1.3498276131355802,103.718843750842,17,6,6,7
1.35192512753927,103.724496797657,-1,6,6,26
1.32189101790958,103.770595265822,-1,4,4,12
1.38495672477602,103.74287795726102,29,2,2,16
1.4257417889579698,103.847404279075,-1,0,0,15
1.3736839300378103,103.871416978631,-1,9,9,21
1.3065924500357702,103.800270024799,22,10,10,29
1.35276818544211,103.83443461924999,23,-1,18,0
1.31558482265762,103.804158270277,-1,-1,10,29
1.30763656482074,103.76132594746099,-1,4,4,12
1.44657565754605,103.79686165685699,-1,0,0,17
1.33022867695374,103.815584343869,-1,-1,1,29
1.28136301224218,103.850919074926,6,25,25,13
1.28487776703986,103.84966455809099,6,25,25,13
1.30334823372442,103.863134272442,6,-1,23,27
1.38738194536527,103.890606112137,26,9,9,14
1.38150500437532,103.75246691069201,27,2,2,16
1.28264675199073,103.82332711149598,11,-1,20,9
1.3485245225737,103.849539926901,0,-1,18,22
1.30323261037274,103.83226957447799,6,22,22,4
1.32754908001446,103.860807411661,5,-1,17,10
1.30146560603949,103.83792633759,6,22,22,4
1.27570500784022,103.812007084346,-1,-1,21,9
1.30620390385632,103.90563766297501,7,12,12,2
1.3316681478548,103.850487239503,13,19,19,22
1.32871478392959,103.850545321033,5,-1,19,22
1.43883122583239,103.789589257706,-1,0,0,17
1.32268116095089,103.886737921495,12,-1,14,18
1.2855704164403998,103.82627620459499,11,20,20,9
1.2850342854348502,103.829293526235,11,20,20,9
1.30865014657631,103.851603868041,6,23,23,27
1.36733858334099,103.848576334625,3,11,11,0
1.33828365922681,103.858467966719,13,-1,19,22
1.34121948900329,103.847288831588,13,19,19,22
1.34205287411842,103.84939599719,0,-1,19,22
1.43068317731392,103.836576622709,24,0,0,15
1.3415598896493,103.744937235987,4,6,6,1
1.33999732042822,103.77296076140499,18,3,3,20
1.35530904178244,103.887857183262,15,9,9,6
1.33781616112254,103.844214270088,13,-1,19,22
1.31182425505862,103.921571306327,-1,-1,8,2
1.33187971400413,103.869057877586,20,-1,17,10
1.30097707763183,103.860481763929,6,23,23,27
1.27749904086529,103.800215758536,-1,-1,15,9
1.34575482659138,103.95726885964301,-1,7,7,19
1.27731975064013,103.848596793501,6,25,25,13
1.30245369792049,103.905638479013,7,12,12,2
1.30735380231595,103.78454843987,-1,10,10,29
1.3285565620611202,103.88534989966499,12,-1,14,18
1.36749405641625,103.83928450984199,3,11,11,0
1.31438189347147,103.85423308827299,6,-1,23,10
1.30839396673673,103.86205978417401,6,23,23,27
1.42822554342157,103.833488111349,24,0,0,15
1.27175439722912,103.63634114999,-1,-1,5,11
1.2849947695791102,103.818758492626,14,21,21,9
1.3491130133527198,103.718764842328,17,6,6,7
1.33018332847866,103.891354663977,-1,-1,14,18
1.34967982522128,103.71170243402099,17,6,6,7
1.3466891668137,103.709485323529,-1,5,5,7
1.30297959881954,103.76371403028,-1,4,4,12
1.27779539068995,103.819341303524,-1,-1,21,9
1.4177040992784098,103.837005089412,24,0,0,15
1.30621516435431,103.85822151052099,6,23,23,27
1.31844042901657,103.89985217766599,25,13,13,2
1.2822533175875102,103.852592102553,6,25,25,13
1.30177313264944,103.838659652851,6,22,22,4
1.34888843900174,103.849691980373,0,-1,18,22
1.37361587694627,103.885758919948,10,9,9,6
1.35228537970487,103.941961203288,1,7,7,5
1.42938474074213,103.781292115087,19,0,0,17
1.27954844710105,103.848970997768,6,25,25,13
1.33244673226961,103.930476688129,2,8,8,8
1.29339669313005,103.827920795075,11,-1,20,4
1.3029180316298898,103.7919357017,22,10,10,29
1.3317664307023502,103.843423249665,13,-1,19,22
1.3083175149933102,103.895218428519,-1,-1,13,2
1.27980322314973,103.78590960328,-1,-1,15,9
1.35836069232236,103.952252203064,1,7,7,5
1.35727594461397,103.940381600354,1,7,7,5
1.44436832551498,103.816263881257,-1,0,0,3
1.3590131811792,103.95511112530899,1,7,7,5
1.30696523424643,103.851567479033,6,23,23,27
1.31081856770049,103.90108919024999,25,-1,13,2
1.31741204180126,103.76741698599501,8,4,4,12
1.32324726968905,103.855171553668,5,-1,17,10
1.29945374471429,103.86007022260901,6,-1,23,27
1.37850496988467,103.93679091412201,-1,-1,7,5
1.45026201889685,103.822534715231,-1,0,0,3
1.34716951166591,103.69308752459699,-1,5,5,7
1.33093978855519,103.723072368708,-1,-1,6,26
1.38120447407276,103.842513754208,-1,-1,11,0
1.3107158598512398,103.901160530478,25,-1,13,2
1.2826997335202,103.820349824025,14,21,21,9
1.29435852947651,103.849678389219,6,-1,24,27
1.33216938209877,103.886296676732,12,-1,14,18
1.32400427468756,103.85632640336,5,-1,17,10
1.30621807476323,103.853340187587,6,23,23,27
1.31287975684312,103.786855017635,-1,10,10,29
1.34980832347155,103.949577963482,1,7,7,5
1.27959202097074,103.849548290907,6,25,25,13
1.43042123905159,103.77958246528,19,0,0,17
1.4419256022386298,103.77815839576401,-1,0,0,17
1.43338341199079,103.778870174208,19,0,0,17
1.33430413985895,103.95940310003,-1,-1,7,19
1.4462070874418995,103.77368035290002,-1,0,0,17
1.28672852677229,103.844901330948,6,25,25,13
1.31279939284324,103.881613159853,12,14,14,18
1.35783243904099,103.945773504554,1,7,7,5
1.43828189832916,103.778025758394,19,0,0,17
1.36834606813392,103.83719604640899,3,-1,11,0
1.35159086987045,103.74450960649,4,6,6,1
1.36252777109203,103.87364050338499,-1,9,9,21
1.3807689610469898,103.842378423538,-1,-1,11,0
1.38020079047283,103.83575571651,-1,-1,11,0
1.4187353006021002,103.83570328066901,24,0,0,15
1.41856736783463,103.839186937262,24,0,0,15
1.35316480497672,103.961041505317,-1,-1,7,19
1.39095082103227,103.743525069499,-1,2,2,16
1.40515419785374,103.897805221585,-1,9,9,24
